SOURCE_ID,radial_velocity,teff_gspphot,logg_gspphot
TYC 7218-934-1,17.199886,5518.9727,4.3862
TYC 9151-303-1,58.194176,6018.0747,4.2948
TYC 6917-654-1,-67.696465,5731.746,4.2427
